{
    "anchorpoints": [],
    "portpins": [
        {
            "name": "1",
            "position": [
                0.0,
                -1.1102230246251565e-14,
                -60.57099999999999
            ],
            "rotation": [
                1.0,
                0.0,
                -0.0,
                0.0,
                1.0,
                0.0,
                0.0,
                -0.0,
                1.0
            ]
        }
    ],
    "version": 6
}