{
    "anchorpoints": [],
    "portpins": [
        {
            "name": "1",
            "position": [
                0.0,
                -1.1102230246251565e-14,
                -60.57099999999999
            ],
            "rotation": [
                1.0,
                0.0,
                -0.0,
                0.0,
                1.0,
                0.0,
                0.0,
                -0.0,
                1.0
            ]
        },
        {
            "name": "2",
            "position": [
                -3.552713678800501e-15,
                1.7763568394002505e-15,
                19.999999999999996
            ],
            "rotation": [
                -1.0,
                -0.0,
                0.0,
                0.0,
                1.0,
                0.0,
                -0.0,
                0.0,
                -1.0
            ]
        }
    ],
    "version": 6
}